<?xml version="1.0" encoding="UTF-8"?>
<uptime xmlns:xsi="http://www.w3.org/2001/XMLSchema-instance" version="4.0" target_grouping="non-agent">
    <class>Oracle Tablespace Adv Check</class>
    <exec> com.uptimesoftware.uptime.erdc.MonitorOracleTablespaceAdv </exec>
    <elements>
        <element name="port" parameter_type="input" data_type="integer" gui_basic="1" range_type="0">
            <control_options> size:2 </control_options>
            <default_value>1521</default_value>
            <short_description> Port </short_description>
            <long_description> The port that the Oracle server is listening on </long_description>
            <validation_rule>
                <integer/>
            </validation_rule>
            <error_message>
                <integer> The port must be an integer value </integer>
            </error_message>
            <gui_type>
                <integer/>
            </gui_type>
        </element>
        <element name="username" parameter_type="input" data_type="string" gui_basic="1" range_type="0">
            <control_options>width:20em</control_options>
            <default_value/>
            <short_description> Username </short_description>
            <long_description> Username to login to server with </long_description>
            <validation_rule/>
            <error_message/>
            <gui_type>
                <string/>
            </gui_type>
        </element>
        <element name="password" parameter_type="input" data_type="string" gui_basic="1" range_type="0">
            <control_options>width:20em</control_options>
            <default_value/>
            <short_description> Password </short_description>
            <long_description> Password to login to server with </long_description>
            <validation_rule/>
            <error_message/>
            <gui_type>
                <password/>
            </gui_type>
        </element>
        <element name="sid" parameter_type="input" data_type="string" gui_basic="1" range_type="0">
            <control_options>width:20em</control_options>
            <default_value/>
			<short_description> SID / Global Database Name </short_description>
            <long_description> SID (or Global Database Name if present) </long_description>
            <validation_rule/>
            <error_message/>
            <gui_type>
                <string/>
            </gui_type>
        </element>
		<element name="ignoreautoext" parameter_type="input" data_type="string" gui_basic="1" range_type="0" units="">
			<control_options>size:40</control_options>
			<default_value/>
			<short_description>Ignore Auto-Extendable Tablespaces</short_description>
			<long_description>Ignore Auto-Extendable Tablespaces</long_description>
			<validation_rule/>
			<error_message/>
			<gui_type>
				<boolean/>
			</gui_type>
		</element>
        <element name="warn" parameter_type="input" data_type="integer" gui_basic="1" range_type="0" units="%">
            <control_options> size:5 </control_options>
            <default_value/>
            <short_description>Full Warning Threshold</short_description>
            <long_description> Warning threshold to check tablespaces against </long_description>
            <validation_rule>
                <percent/>
            </validation_rule>
            <error_message>
                <percent>Value must be between 0-100</percent>
            </error_message>
            <gui_type>
                <integer/>
            </gui_type>
        </element>
        <element name="crit" parameter_type="input" data_type="integer" gui_basic="1" range_type="0" units="%">
            <control_options> size:5 </control_options>
            <default_value/>
            <short_description>Full Critical Threshold</short_description>
            <long_description> Critical threshold to check tablespaces against </long_description>
            <validation_rule>
                <percent/>
            </validation_rule>
            <error_message>
                <percent>Value must be between 0-100</percent>
            </error_message>
            <gui_type>
                <integer/>
            </gui_type>
        </element>
        <group name="timerresult" switch="0">
            <short_description/>
            <long_description/>
            <element name="timer" parameter_type="output" data_type="integer" gui_basic="0" range_type="0" units="ms">
                <control_options>size:8</control_options>
                <default_value/>
                <short_description>Response time</short_description>
                <long_description>Response time in ms</long_description>
                <validation_rule/>
                <error_message/>
                <gui_type>
                    <integer/>
                </gui_type>
            </element>
        </group>
    </elements>
    <help> This is a tablespace check for an Oracle database server. This check sums the amount of data consumed for each tablespace and then returns the total percent used of each tablespace. </help>
</uptime>
